{
  "max_depth": 7,
  "min_child_weight": 10,
  "gamma": 0.4758285586585349,
  "learning_rate": 0.08681492988569786,
  "subsample": 0.9600397414075735,
  "colsample_bytree": 0.9088144821461728,
  "reg_alpha": 2.8768097406044806,
  "reg_lambda": 16.307843143886572,
  "objective": "reg:absoluteerror",
  "seed": 42,
  "seed_per_iteration": false,
  "random_state": 42,
  "tree_method": "hist",
  "device": "cuda",
  "n_estimators": 100,
  "enable_categorical": false
}