{
  "best_trial": 85,
  "best_value": 8.884160359700521,
  "best_params": {
    "max_depth": 7,
    "min_child_weight": 10,
    "gamma": 0.4758285586585349,
    "learning_rate": 0.08681492988569786,
    "subsample": 0.9600397414075735,
    "colsample_bytree": 0.9088144821461728,
    "reg_alpha": 2.8768097406044806,
    "reg_lambda": 16.307843143886572,
    "objective": "reg:absoluteerror"
  },
  "optimal_n_estimators": null,
  "best_objective": "reg:absoluteerror",
  "n_trials": 100,
  "tuning_method": "XGBoost GPU with Early Stopping",
  "metric": "MAPE",
  "elapsed_time": 764.257171869278,
  "timestamp": "2026-05-17T21:28:28.981923"
}